time,ver,charge_state,I_L1,I_L2,I_L3,Temp,V_L1,V_L2,V_L3,ext_lock,P,E_cyc_hb,E_cyc_lb,E_hb,E_lb,I_max,I_min,watchdog,standby,remote_lock,max_I_cmd,FailSafe_I
00:00:30,264,5,0,0,0,272,236,236,238,1,0,0,4339,2,53946,10,6,15000,4,1,100,100
00:01:30,264,5,0,0,0,272,237,236,239,1,0,0,4339,2,53946,10,6,15000,4,1,100,100
00:02:30,264,5,0,0,0,272,236,235,238,1,0,0,4339,2,53946,10,6,15000,4,1,100,100
00:03:31,264,5,0,0,0,272,236,235,239,1,0,0,4339,2,53946,10,6,15000,4,1,100,100
00:04:31,264,5,0,0,0,272,236,236,239,1,0,0,4339,2,53946,10,6,15000,4,1,100,100
00:05:31,264,5,0,0,0,272,236,235,238,1,0,0,4339,2,53946,10,6,15000,4,1,100,100
00:06:31,264,5,0,0,0,272,237,236,239,1,0,0,4339,2,53946,10,6,15000,4,1,100,100
00:07:31,264,5,0,0,0,272,237,235,239,1,0,0,4339,2,53946,10,6,15000,4,1,100,100
00:08:31,264,5,0,0,0,272,236,235,239,1,0,0,4339,2,53946,10,6,15000,4,1,100,100
00:09:32,264,5,0,0,0,272,237,236,239,1,0,0,4339,2,53946,10,6,15000,4,1,100,100
00:10:32,264,5,0,0,0,272,237,236,239,1,0,0,4339,2,53946,10,6,15000,4,1,100,100
00:11:32,264,5,0,0,0,272,237,235,239,1,0,0,4339,2,53946,10,6,15000,4,1,100,100
00:12:32,264,5,0,0,0,272,237,236,239,1,0,0,4339,2,53946,10,6,15000,4,1,100,100
00:13:32,264,5,0,0,0,272,236,234,238,1,0,0,4339,2,53946,10,6,15000,4,1,100,100
00:14:32,264,5,0,0,0,272,237,235,239,1,0,0,4339,2,53946,10,6,15000,4,1,100,100
00:15:33,264,5,0,0,0,272,237,235,239,1,0,0,4339,2,53946,10,6,15000,4,1,100,100
00:16:33,264,5,0,0,0,272,238,235,240,1,0,0,4339,2,53946,10,6,15000,4,1,100,100
00:17:33,264,5,0,0,0,272,238,235,240,1,0,0,4339,2,53946,10,6,15000,4,1,100,100
00:18:33,264,5,0,0,0,272,237,235,240,1,0,0,4339,2,53946,10,6,15000,4,1,100,100
00:19:33,264,5,0,0,0,272,238,235,240,1,0,0,4339,2,53946,10,6,15000,4,1,100,100
00:20:33,264,5,0,0,0,272,238,235,240,1,0,0,4339,2,53946,10,6,15000,4,1,100,100
00:21:33,264,5,0,0,0,272,238,236,239,1,0,0,4339,2,53946,10,6,15000,4,1,100,100
00:22:34,264,5,0,0,0,272,238,236,239,1,0,0,4339,2,53946,10,6,15000,4,1,100,100
00:23:34,264,5,0,0,0,272,237,235,238,1,0,0,4339,2,53946,10,6,15000,4,1,100,100
00:24:34,264,5,0,0,0,272,238,236,239,1,0,0,4339,2,53946,10,6,15000,4,1,100,100
00:25:34,264,5,0,0,0,272,238,236,239,1,0,0,4339,2,53946,10,6,15000,4,1,100,100
00:26:34,264,5,0,0,0,272,238,236,239,1,0,0,4339,2,53946,10,6,15000,4,1,100,100
00:27:34,264,5,0,0,0,272,237,236,239,1,0,0,4339,2,53946,10,6,15000,4,1,100,100
00:28:35,264,5,0,0,0,272,238,236,240,1,0,0,4339,2,53946,10,6,15000,4,1,100,100
00:29:35,264,5,0,0,0,272,238,237,240,1,0,0,4339,2,53946,10,6,15000,4,1,100,100
00:30:35,264,5,0,0,0,268,237,236,239,1,0,0,4339,2,53946,10,6,15000,4,1,100,100
00:31:35,264,5,0,0,0,268,238,236,240,1,0,0,4339,2,53946,10,6,15000,4,1,100,100
00:32:35,264,5,0,0,0,268,237,236,239,1,0,0,4339,2,53946,10,6,15000,4,1,100,100
00:33:35,264,5,0,0,0,272,238,236,239,1,0,0,4339,2,53946,10,6,15000,4,1,100,100
00:34:36,264,5,0,0,0,268,238,236,240,1,0,0,4339,2,53946,10,6,15000,4,1,100,100
00:35:36,264,5,0,0,0,268,237,235,239,1,0,0,4339,2,53946,10,6,15000,4,1,100,100
00:36:36,264,5,0,0,0,268,237,236,240,1,0,0,4339,2,53946,10,6,15000,4,1,100,100
00:37:36,264,5,0,0,0,268,237,236,240,1,0,0,4339,2,53946,10,6,15000,4,1,100,100
00:38:36,264,5,0,0,0,268,237,236,240,1,0,0,4339,2,53946,10,6,15000,4,1,100,100
00:39:36,264,5,0,0,0,268,238,237,241,1,0,0,4339,2,53946,10,6,15000,4,1,100,100
00:40:37,264,5,0,0,0,268,237,237,240,1,0,0,4339,2,53946,10,6,15000,4,1,100,100
00:41:37,264,5,0,0,0,268,237,236,240,1,0,0,4339,2,53946,10,6,15000,4,1,100,100
00:42:37,264,5,0,0,0,268,238,237,240,1,0,0,4339,2,53946,10,6,15000,4,1,100,100
00:43:37,264,5,0,0,0,268,238,237,241,1,0,0,4339,2,53946,10,6,15000,4,1,100,100
00:44:37,264,5,0,0,0,268,238,237,240,1,0,0,4339,2,53946,10,6,15000,4,1,100,100
00:45:37,264,5,0,0,0,268,238,237,241,1,0,0,4339,2,53946,10,6,15000,4,1,100,100
00:46:37,264,5,0,0,0,268,238,237,240,1,0,0,4339,2,53946,10,6,15000,4,1,100,100
00:47:38,264,5,0,0,0,268,237,237,240,1,0,0,4339,2,53946,10,6,15000,4,1,100,100
00:48:38,264,5,0,0,0,268,238,237,240,1,0,0,4339,2,53946,10,6,15000,4,1,100,100
00:49:38,264,5,0,0,0,268,238,237,240,1,0,0,4339,2,53946,10,6,15000,4,1,100,100
00:50:38,264,5,0,0,0,268,238,237,240,1,0,0,4339,2,53946,10,6,15000,4,1,100,100
00:51:38,264,5,0,0,0,268,238,237,240,1,0,0,4339,2,53946,10,6,15000,4,1,100,100
00:52:38,264,5,0,0,0,268,238,237,240,1,0,0,4339,2,53946,10,6,15000,4,1,100,100
00:53:39,264,5,0,0,0,268,238,237,240,1,0,0,4339,2,53946,10,6,15000,4,1,100,100
00:54:39,264,5,0,0,0,268,238,237,240,1,0,0,4339,2,53946,10,6,15000,4,1,100,100
00:55:39,264,5,0,0,0,268,238,237,240,1,0,0,4339,2,53946,10,6,15000,4,1,100,100
00:56:39,264,5,0,0,0,268,238,237,240,1,0,0,4339,2,53946,10,6,15000,4,1,100,100
00:57:39,264,5,0,0,0,268,237,236,239,1,0,0,4339,2,53946,10,6,15000,4,1,100,100
00:58:39,264,5,0,0,0,268,238,237,240,1,0,0,4339,2,53946,10,6,15000,4,1,100,100
00:59:40,264,5,0,0,0,268,238,237,240,1,0,0,4339,2,53946,10,6,15000,4,1,100,100
01:00:40,264,5,0,0,0,268,237,237,239,1,0,0,4339,2,53946,10,6,15000,4,1,100,100
01:01:40,264,5,0,0,0,268,237,237,240,1,0,0,4339,2,53946,10,6,15000,4,1,100,100
01:02:40,264,5,0,0,0,268,238,237,240,1,0,0,4339,2,53946,10,6,15000,4,1,100,100
01:03:40,264,5,0,0,0,268,237,237,240,1,0,0,4339,2,53946,10,6,15000,4,1,100,100
01:04:40,264,5,0,0,0,268,238,237,240,1,0,0,4339,2,53946,10,6,15000,4,1,100,100
01:05:41,264,5,0,0,0,268,237,237,240,1,0,0,4339,2,53946,10,6,15000,4,1,100,100
01:06:41,264,5,0,0,0,268,237,236,240,1,0,0,4339,2,53946,10,6,15000,4,1,100,100
01:07:41,264,5,0,0,0,268,237,237,240,1,0,0,4339,2,53946,10,6,15000,4,1,100,100
01:08:41,264,5,0,0,0,268,237,236,239,1,0,0,4339,2,53946,10,6,15000,4,1,100,100
01:09:41,264,5,0,0,0,268,237,237,240,1,0,0,4339,2,53946,10,6,15000,4,1,100,100
01:10:41,264,5,0,0,0,268,237,237,240,1,0,0,4339,2,53946,10,6,15000,4,1,100,100
01:11:42,264,5,0,0,0,265,237,237,240,1,0,0,4339,2,53946,10,6,15000,4,1,100,100
01:12:42,264,5,0,0,0,265,237,237,240,1,0,0,4339,2,53946,10,6,15000,4,1,100,100
01:13:42,264,5,0,0,0,265,236,236,239,1,0,0,4339,2,53946,10,6,15000,4,1,100,100
01:14:42,264,5,0,0,0,265,238,237,240,1,0,0,4339,2,53946,10,6,15000,4,1,100,100
01:15:42,264,5,0,0,0,265,238,237,240,1,0,0,4339,2,53946,10,6,15000,4,1,100,100
01:16:42,264,5,0,0,0,265,238,237,240,1,0,0,4339,2,53946,10,6,15000,4,1,100,100
01:17:42,264,5,0,0,0,265,237,237,240,1,0,0,4339,2,53946,10,6,15000,4,1,100,100
01:18:43,264,5,0,0,0,265,238,237,240,1,0,0,4339,2,53946,10,6,15000,4,1,100,100
01:19:43,264,5,0,0,0,265,238,237,240,1,0,0,4339,2,53946,10,6,15000,4,1,100,100
01:20:43,264,5,0,0,0,265,238,237,240,1,0,0,4339,2,53946,10,6,15000,4,1,100,100
01:21:43,264,5,0,0,0,265,237,237,240,1,0,0,4339,2,53946,10,6,15000,4,1,100,100
01:22:43,264,5,0,0,0,265,237,237,239,1,0,0,4339,2,53946,10,6,15000,4,1,100,100
01:23:43,264,5,0,0,0,265,238,237,239,1,0,0,4339,2,53946,10,6,15000,4,1,100,100
01:24:44,264,5,0,0,0,265,238,237,240,1,0,0,4339,2,53946,10,6,15000,4,1,100,100
01:25:44,264,5,0,0,0,265,238,237,240,1,0,0,4339,2,53946,10,6,15000,4,1,100,100
01:26:44,264,5,0,0,0,265,238,237,241,1,0,0,4339,2,53946,10,6,15000,4,1,100,100
01:27:44,264,5,0,0,0,265,238,237,240,1,0,0,4339,2,53946,10,6,15000,4,1,100,100
01:28:44,264,5,0,0,0,265,238,237,240,1,0,0,4339,2,53946,10,6,15000,4,1,100,100
01:29:44,264,5,0,0,0,265,238,237,240,1,0,0,4339,2,53946,10,6,15000,4,1,100,100
01:30:45,264,5,0,0,0,265,238,237,240,1,0,0,4339,2,53946,10,6,15000,4,1,100,100
01:31:45,264,5,0,0,0,265,238,237,240,1,0,0,4339,2,53946,10,6,15000,4,1,100,100
01:32:45,264,5,0,0,0,265,238,237,240,1,0,0,4339,2,53946,10,6,15000,4,1,100,100
01:33:45,264,5,0,0,0,265,238,237,240,1,0,0,4339,2,53946,10,6,15000,4,1,100,100
01:34:45,264,5,0,0,0,265,238,237,240,1,0,0,4339,2,53946,10,6,15000,4,1,100,100
01:35:45,264,5,0,0,0,265,238,237,240,1,0,0,4339,2,53946,10,6,15000,4,1,100,100
01:36:46,264,5,0,0,0,265,238,237,240,1,0,0,4339,2,53946,10,6,15000,4,1,100,100
01:37:46,264,5,0,0,0,265,238,237,240,1,0,0,4339,2,53946,10,6,15000,4,1,100,100
01:38:46,264,5,0,0,0,262,238,237,240,1,0,0,4339,2,53946,10,6,15000,4,1,100,100
01:39:46,264,5,0,0,0,265,238,237,240,1,0,0,4339,2,53946,10,6,15000,4,1,100,100
01:40:46,264,5,0,0,0,262,238,237,240,1,0,0,4339,2,53946,10,6,15000,4,1,100,100
01:41:46,264,5,0,0,0,262,238,237,240,1,0,0,4339,2,53946,10,6,15000,4,1,100,100
01:42:46,264,5,0,0,0,265,238,237,241,1,0,0,4339,2,53946,10,6,15000,4,1,100,100
01:43:47,264,5,0,0,0,262,238,237,241,1,0,0,4339,2,53946,10,6,15000,4,1,100,100
01:44:47,264,5,0,0,0,262,238,237,240,1,0,0,4339,2,53946,10,6,15000,4,1,100,100
01:45:47,264,5,0,0,0,262,238,237,240,1,0,0,4339,2,53946,10,6,15000,4,1,100,100
01:46:47,264,5,0,0,0,262,238,237,241,1,0,0,4339,2,53946,10,6,15000,4,1,100,100
01:47:47,264,5,0,0,0,262,238,237,240,1,0,0,4339,2,53946,10,6,15000,4,1,100,100
01:48:47,264,5,0,0,0,262,238,237,240,1,0,0,4339,2,53946,10,6,15000,4,1,100,100
01:49:48,264,5,0,0,0,262,238,237,241,1,0,0,4339,2,53946,10,6,15000,4,1,100,100
01:50:48,264,5,0,0,0,262,238,237,240,1,0,0,4339,2,53946,10,6,15000,4,1,100,100
01:51:48,264,5,0,0,0,262,238,237,240,1,0,0,4339,2,53946,10,6,15000,4,1,100,100
01:52:48,264,5,0,0,0,262,238,237,240,1,0,0,4339,2,53946,10,6,15000,4,1,100,100
01:53:48,264,5,0,0,0,262,238,237,240,1,0,0,4339,2,53946,10,6,15000,4,1,100,100
01:54:48,264,5,0,0,0,262,238,237,240,1,0,0,4339,2,53946,10,6,15000,4,1,100,100
01:55:49,264,5,0,0,0,262,238,237,240,1,0,0,4339,2,53946,10,6,15000,4,1,100,100
01:56:49,264,5,0,0,0,262,238,237,240,1,0,0,4339,2,53946,10,6,15000,4,1,100,100
01:57:49,264,5,0,0,0,262,238,237,240,1,0,0,4339,2,53946,10,6,15000,4,1,100,100
01:58:49,264,5,0,0,0,262,238,237,240,1,0,0,4339,2,53946,10,6,15000,4,1,100,100
01:59:49,264,5,0,0,0,262,238,237,240,1,0,0,4339,2,53946,10,6,15000,4,1,100,100
02:00:49,264,5,0,0,0,262,238,237,240,1,0,0,4339,2,53946,10,6,15000,4,1,100,100
02:01:50,264,5,0,0,0,262,238,237,240,1,0,0,4339,2,53946,10,6,15000,4,1,100,100
02:02:50,264,5,0,0,0,262,238,237,240,1,0,0,4339,2,53946,10,6,15000,4,1,100,100
02:03:50,264,5,0,0,0,262,238,237,240,1,0,0,4339,2,53946,10,6,15000,4,1,100,100
02:04:50,264,5,0,0,0,262,238,237,240,1,0,0,4339,2,53946,10,6,15000,4,1,100,100
02:05:50,264,5,0,0,0,262,238,237,240,1,0,0,4339,2,53946,10,6,15000,4,1,100,100
02:06:50,264,5,0,0,0,262,238,237,240,1,0,0,4339,2,53946,10,6,15000,4,1,100,100
02:07:51,264,5,0,0,0,262,238,237,240,1,0,0,4339,2,53946,10,6,15000,4,1,100,100
02:08:51,264,5,0,0,0,262,238,237,240,1,0,0,4339,2,53946,10,6,15000,4,1,100,100
02:09:51,264,5,0,0,0,262,238,237,240,1,0,0,4339,2,53946,10,6,15000,4,1,100,100
02:10:51,264,5,0,0,0,262,238,237,240,1,0,0,4339,2,53946,10,6,15000,4,1,100,100
02:11:51,264,5,0,0,0,262,238,237,241,1,0,0,4339,2,53946,10,6,15000,4,1,100,100
02:12:51,264,5,0,0,0,262,238,237,241,1,0,0,4339,2,53946,10,6,15000,4,1,100,100
02:13:51,264,5,0,0,0,262,238,237,241,1,0,0,4339,2,53946,10,6,15000,4,1,100,100
02:14:52,264,5,0,0,0,262,238,237,241,1,0,0,4339,2,53946,10,6,15000,4,1,100,100
02:15:52,264,5,0,0,0,262,238,237,241,1,0,0,4339,2,53946,10,6,15000,4,1,100,100
02:16:52,264,5,0,0,0,262,238,237,241,1,0,0,4339,2,53946,10,6,15000,4,1,100,100
02:17:52,264,5,0,0,0,262,238,237,241,1,0,0,4339,2,53946,10,6,15000,4,1,100,100
02:18:52,264,5,0,0,0,262,238,237,240,1,0,0,4339,2,53946,10,6,15000,4,1,100,100
02:19:52,264,5,0,0,0,262,238,237,240,1,0,0,4339,2,53946,10,6,15000,4,1,100,100
02:20:53,264,5,0,0,0,262,238,237,240,1,0,0,4339,2,53946,10,6,15000,4,1,100,100
02:21:53,264,5,0,0,0,260,238,237,240,1,0,0,4339,2,53946,10,6,15000,4,1,100,100
02:22:53,264,5,0,0,0,260,238,237,241,1,0,0,4339,2,53946,10,6,15000,4,1,100,100
02:23:53,264,5,0,0,0,260,238,237,240,1,0,0,4339,2,53946,10,6,15000,4,1,100,100
02:24:53,264,5,0,0,0,260,238,237,240,1,0,0,4339,2,53946,10,6,15000,4,1,100,100
02:25:53,264,5,0,0,0,260,238,237,241,1,0,0,4339,2,53946,10,6,15000,4,1,100,100
02:26:54,264,5,0,0,0,260,238,237,241,1,0,0,4339,2,53946,10,6,15000,4,1,100,100
02:27:54,264,5,0,0,0,260,238,237,241,1,0,0,4339,2,53946,10,6,15000,4,1,100,100
02:28:54,264,5,0,0,0,260,238,237,241,1,0,0,4339,2,53946,10,6,15000,4,1,100,100
02:29:54,264,5,0,0,0,260,238,237,241,1,0,0,4339,2,53946,10,6,15000,4,1,100,100
02:30:54,264,5,0,0,0,260,238,237,240,1,0,0,4339,2,53946,10,6,15000,4,1,100,100
02:31:54,264,5,0,0,0,260,238,237,240,1,0,0,4339,2,53946,10,6,15000,4,1,100,100
02:32:55,264,5,0,0,0,260,238,237,240,1,0,0,4339,2,53946,10,6,15000,4,1,100,100
02:33:55,264,5,0,0,0,260,238,237,240,1,0,0,4339,2,53946,10,6,15000,4,1,100,100
02:34:55,264,5,0,0,0,260,238,237,240,1,0,0,4339,2,53946,10,6,15000,4,1,100,100
02:35:55,264,5,0,0,0,260,238,237,240,1,0,0,4339,2,53946,10,6,15000,4,1,100,100
02:36:55,264,5,0,0,0,260,238,237,241,1,0,0,4339,2,53946,10,6,15000,4,1,100,100
02:37:55,264,5,0,0,0,260,238,237,241,1,0,0,4339,2,53946,10,6,15000,4,1,100,100
02:38:56,264,5,0,0,0,260,238,237,240,1,0,0,4339,2,53946,10,6,15000,4,1,100,100
02:39:56,264,5,0,0,0,260,238,237,241,1,0,0,4339,2,53946,10,6,15000,4,1,100,100
02:40:56,264,5,0,0,0,260,238,237,240,1,0,0,4339,2,53946,10,6,15000,4,1,100,100
02:41:56,264,5,0,0,0,260,238,237,240,1,0,0,4339,2,53946,10,6,15000,4,1,100,100
02:42:56,264,5,0,0,0,260,238,237,241,1,0,0,4339,2,53946,10,6,15000,4,1,100,100
02:43:56,264,5,0,0,0,260,238,237,241,1,0,0,4339,2,53946,10,6,15000,4,1,100,100
02:44:56,264,5,0,0,0,260,238,237,240,1,0,0,4339,2,53946,10,6,15000,4,1,100,100
02:45:57,264,5,0,0,0,260,238,237,241,1,0,0,4339,2,53946,10,6,15000,4,1,100,100
02:46:57,264,5,0,0,0,260,238,237,240,1,0,0,4339,2,53946,10,6,15000,4,1,100,100
02:47:57,264,5,0,0,0,260,238,237,240,1,0,0,4339,2,53946,10,6,15000,4,1,100,100
02:48:57,264,5,0,0,0,260,237,237,240,1,0,0,4339,2,53946,10,6,15000,4,1,100,100
02:49:57,264,5,0,0,0,260,238,237,240,1,0,0,4339,2,53946,10,6,15000,4,1,100,100
02:50:57,264,5,0,0,0,260,238,237,240,1,0,0,4339,2,53946,10,6,15000,4,1,100,100
02:51:58,264,5,0,0,0,256,238,237,240,1,0,0,4339,2,53946,10,6,15000,4,1,100,100
02:52:58,264,5,0,0,0,260,238,237,240,1,0,0,4339,2,53946,10,6,15000,4,1,100,100
02:53:58,264,5,0,0,0,256,238,237,240,1,0,0,4339,2,53946,10,6,15000,4,1,100,100
02:54:58,264,5,0,0,0,256,238,237,240,1,0,0,4339,2,53946,10,6,15000,4,1,100,100
02:55:58,264,5,0,0,0,256,238,237,240,1,0,0,4339,2,53946,10,6,15000,4,1,100,100
02:56:58,264,5,0,0,0,256,238,237,240,1,0,0,4339,2,53946,10,6,15000,4,1,100,100
02:57:59,264,5,0,0,0,256,238,237,240,1,0,0,4339,2,53946,10,6,15000,4,1,100,100
02:58:59,264,5,0,0,0,256,238,237,240,1,0,0,4339,2,53946,10,6,15000,4,1,100,100
02:59:59,264,5,0,0,0,256,238,237,241,1,0,0,4339,2,53946,10,6,15000,4,1,100,100
03:00:59,264,5,0,0,0,256,238,237,241,1,0,0,4339,2,53946,10,6,15000,4,1,100,100
03:01:59,264,5,0,0,0,256,238,237,240,1,0,0,4339,2,53946,10,6,15000,4,1,100,100
03:02:59,264,5,0,0,0,256,238,237,240,1,0,0,4339,2,53946,10,6,15000,4,1,100,100
03:04:00,264,5,0,0,0,256,237,237,240,1,0,0,4339,2,53946,10,6,15000,4,1,100,100
03:05:00,264,5,0,0,0,256,237,237,240,1,0,0,4339,2,53946,10,6,15000,4,1,100,100
03:06:00,264,5,0,0,0,256,238,237,240,1,0,0,4339,2,53946,10,6,15000,4,1,100,100
03:07:00,264,5,0,0,0,256,237,237,240,1,0,0,4339,2,53946,10,6,15000,4,1,100,100
03:08:00,264,5,0,0,0,256,237,237,240,1,0,0,4339,2,53946,10,6,15000,4,1,100,100
03:09:00,264,5,0,0,0,256,237,237,240,1,0,0,4339,2,53946,10,6,15000,4,1,100,100
03:10:01,264,5,0,0,0,256,237,237,240,1,0,0,4339,2,53946,10,6,15000,4,1,100,100
03:11:01,264,5,0,0,0,256,237,236,240,1,0,0,4339,2,53946,10,6,15000,4,1,100,100
03:12:01,264,5,0,0,0,256,237,237,240,1,0,0,4339,2,53946,10,6,15000,4,1,100,100
03:13:01,264,5,0,0,0,256,237,237,240,1,0,0,4339,2,53946,10,6,15000,4,1,100,100
03:14:01,264,5,0,0,0,256,238,237,240,1,0,0,4339,2,53946,10,6,15000,4,1,100,100
03:15:01,264,5,0,0,0,256,237,237,240,1,0,0,4339,2,53946,10,6,15000,4,1,100,100
03:16:01,264,5,0,0,0,256,238,237,241,1,0,0,4339,2,53946,10,6,15000,4,1,100,100
03:17:02,264,5,0,0,0,256,238,237,241,1,0,0,4339,2,53946,10,6,15000,4,1,100,100
03:18:02,264,5,0,0,0,256,238,237,241,1,0,0,4339,2,53946,10,6,15000,4,1,100,100
03:19:02,264,5,0,0,0,256,238,237,240,1,0,0,4339,2,53946,10,6,15000,4,1,100,100
03:20:02,264,5,0,0,0,256,238,237,240,1,0,0,4339,2,53946,10,6,15000,4,1,100,100
03:21:02,264,5,0,0,0,256,238,238,241,1,0,0,4339,2,53946,10,6,15000,4,1,100,100
03:22:02,264,5,0,0,0,256,239,238,241,1,0,0,4339,2,53946,10,6,15000,4,1,100,100
03:23:02,264,5,0,0,0,256,239,238,241,1,0,0,4339,2,53946,10,6,15000,4,1,100,100
03:24:03,264,5,0,0,0,256,238,237,241,1,0,0,4339,2,53946,10,6,15000,4,1,100,100
03:25:03,264,5,0,0,0,256,239,238,241,1,0,0,4339,2,53946,10,6,15000,4,1,100,100
03:26:03,264,5,0,0,0,256,239,238,241,1,0,0,4339,2,53946,10,6,15000,4,1,100,100
03:27:03,264,5,0,0,0,256,238,238,241,1,0,0,4339,2,53946,10,6,15000,4,1,100,100
03:28:03,264,5,0,0,0,256,239,237,240,1,0,0,4339,2,53946,10,6,15000,4,1,100,100
03:29:03,264,5,0,0,0,256,238,237,240,1,0,0,4339,2,53946,10,6,15000,4,1,100,100
03:30:04,264,5,0,0,0,253,238,237,240,1,0,0,4339,2,53946,10,6,15000,4,1,100,100
03:31:04,264,5,0,0,0,253,238,237,240,1,0,0,4339,2,53946,10,6,15000,4,1,100,100
03:32:04,264,5,0,0,0,256,238,237,240,1,0,0,4339,2,53946,10,6,15000,4,1,100,100
03:33:04,264,5,0,0,0,253,238,238,241,1,0,0,4339,2,53946,10,6,15000,4,1,100,100
03:34:04,264,5,0,0,0,253,238,237,241,1,0,0,4339,2,53946,10,6,15000,4,1,100,100
03:35:04,264,5,0,0,0,253,239,238,240,1,0,0,4339,2,53946,10,6,15000,4,1,100,100
03:36:04,264,5,0,0,0,256,238,237,241,1,0,0,4339,2,53946,10,6,15000,4,1,100,100
03:37:05,264,5,0,0,0,256,238,238,241,1,0,0,4339,2,53946,10,6,15000,4,1,100,100
03:38:05,264,5,0,0,0,253,238,237,241,1,0,0,4339,2,53946,10,6,15000,4,1,100,100
03:39:05,264,5,0,0,0,253,238,237,241,1,0,0,4339,2,53946,10,6,15000,4,1,100,100
03:40:05,264,5,0,0,0,253,238,237,241,1,0,0,4339,2,53946,10,6,15000,4,1,100,100
03:41:05,264,5,0,0,0,253,238,238,241,1,0,0,4339,2,53946,10,6,15000,4,1,100,100
03:42:05,264,5,0,0,0,253,238,238,241,1,0,0,4339,2,53946,10,6,15000,4,1,100,100
03:43:06,264,5,0,0,0,253,238,238,241,1,0,0,4339,2,53946,10,6,15000,4,1,100,100
03:44:06,264,5,0,0,0,256,238,237,240,1,0,0,4339,2,53946,10,6,15000,4,1,100,100
03:45:06,264,5,0,0,0,253,238,237,241,1,0,0,4339,2,53946,10,6,15000,4,1,100,100
03:46:06,264,5,0,0,0,253,238,237,241,1,0,0,4339,2,53946,10,6,15000,4,1,100,100
03:47:06,264,5,0,0,0,253,239,238,241,1,0,0,4339,2,53946,10,6,15000,4,1,100,100
03:48:06,264,5,0,0,0,253,238,238,241,1,0,0,4339,2,53946,10,6,15000,4,1,100,100
03:49:07,264,5,0,0,0,253,238,238,241,1,0,0,4339,2,53946,10,6,15000,4,1,100,100
03:50:07,264,5,0,0,0,253,239,238,241,1,0,0,4339,2,53946,10,6,15000,4,1,100,100
03:51:07,264,5,0,0,0,253,239,238,241,1,0,0,4339,2,53946,10,6,15000,4,1,100,100
03:52:07,264,5,0,0,0,253,239,237,241,1,0,0,4339,2,53946,10,6,15000,4,1,100,100
03:53:07,264,5,0,0,0,253,239,238,241,1,0,0,4339,2,53946,10,6,15000,4,1,100,100
03:54:07,264,5,0,0,0,253,239,238,241,1,0,0,4339,2,53946,10,6,15000,4,1,100,100
03:55:08,264,5,0,0,0,253,239,238,241,1,0,0,4339,2,53946,10,6,15000,4,1,100,100
03:56:08,264,5,0,0,0,253,239,238,241,1,0,0,4339,2,53946,10,6,15000,4,1,100,100
03:57:08,264,5,0,0,0,253,239,238,241,1,0,0,4339,2,53946,10,6,15000,4,1,100,100
03:58:08,264,5,0,0,0,253,238,238,241,1,0,0,4339,2,53946,10,6,15000,4,1,100,100
03:59:08,264,5,0,0,0,253,238,238,241,1,0,0,4339,2,53946,10,6,15000,4,1,100,100
04:00:08,264,5,0,0,0,253,238,238,241,1,0,0,4339,2,53946,10,6,15000,4,1,100,100
04:01:09,264,5,0,0,0,253,238,237,241,1,0,0,4339,2,53946,10,6,15000,4,1,100,100
04:02:09,264,5,0,0,0,253,239,238,241,1,0,0,4339,2,53946,10,6,15000,4,1,100,100
04:03:09,264,5,0,0,0,253,239,238,241,1,0,0,4339,2,53946,10,6,15000,4,1,100,100
04:04:09,264,5,0,0,0,253,239,238,241,1,0,0,4339,2,53946,10,6,15000,4,1,100,100
04:05:09,264,5,0,0,0,253,239,238,241,1,0,0,4339,2,53946,10,6,15000,4,1,100,100
04:06:09,264,5,0,0,0,253,239,238,241,1,0,0,4339,2,53946,10,6,15000,4,1,100,100
04:07:09,264,5,0,0,0,253,239,238,241,1,0,0,4339,2,53946,10,6,15000,4,1,100,100
04:08:10,264,5,0,0,0,253,239,238,241,1,0,0,4339,2,53946,10,6,15000,4,1,100,100
04:09:10,264,5,0,0,0,253,239,238,241,1,0,0,4339,2,53946,10,6,15000,4,1,100,100
04:10:10,264,5,0,0,0,253,239,238,241,1,0,0,4339,2,53946,10,6,15000,4,1,100,100
04:11:10,264,5,0,0,0,253,238,237,240,1,0,0,4339,2,53946,10,6,15000,4,1,100,100
04:12:10,264,5,0,0,0,253,239,238,241,1,0,0,4339,2,53946,10,6,15000,4,1,100,100
04:13:10,264,5,0,0,0,253,239,238,241,1,0,0,4339,2,53946,10,6,15000,4,1,100,100
04:14:11,264,5,0,0,0,253,238,238,241,1,0,0,4339,2,53946,10,6,15000,4,1,100,100
04:15:11,264,5,0,0,0,253,239,238,241,1,0,0,4339,2,53946,10,6,15000,4,1,100,100
04:16:11,264,5,0,0,0,253,238,238,241,1,0,0,4339,2,53946,10,6,15000,4,1,100,100
04:17:11,264,5,0,0,0,253,239,238,241,1,0,0,4339,2,53946,10,6,15000,4,1,100,100
04:18:11,264,5,0,0,0,250,239,238,241,1,0,0,4339,2,53946,10,6,15000,4,1,100,100
04:19:11,264,5,0,0,0,253,239,238,241,1,0,0,4339,2,53946,10,6,15000,4,1,100,100
04:20:12,264,5,0,0,0,253,239,238,241,1,0,0,4339,2,53946,10,6,15000,4,1,100,100
04:21:12,264,5,0,0,0,253,239,238,241,1,0,0,4339,2,53946,10,6,15000,4,1,100,100
04:22:12,264,5,0,0,0,250,238,237,241,1,0,0,4339,2,53946,10,6,15000,4,1,100,100
04:23:12,264,5,0,0,0,253,238,238,240,1,0,0,4339,2,53946,10,6,15000,4,1,100,100
04:24:12,264,5,0,0,0,250,238,238,241,1,0,0,4339,2,53946,10,6,15000,4,1,100,100
04:25:12,264,5,0,0,0,253,238,238,240,1,0,0,4339,2,53946,10,6,15000,4,1,100,100
04:26:13,264,5,0,0,0,250,239,238,241,1,0,0,4339,2,53946,10,6,15000,4,1,100,100
04:27:13,264,5,0,0,0,250,239,238,241,1,0,0,4339,2,53946,10,6,15000,4,1,100,100
04:28:13,264,5,0,0,0,250,239,238,241,1,0,0,4339,2,53946,10,6,15000,4,1,100,100
04:29:13,264,5,0,0,0,250,239,238,241,1,0,0,4339,2,53946,10,6,15000,4,1,100,100
04:30:13,264,5,0,0,0,250,238,238,241,1,0,0,4339,2,53946,10,6,15000,4,1,100,100
04:31:13,264,5,0,0,0,250,238,238,241,1,0,0,4339,2,53946,10,6,15000,4,1,100,100
04:32:13,264,5,0,0,0,250,238,238,240,1,0,0,4339,2,53946,10,6,15000,4,1,100,100
04:33:14,264,5,0,0,0,250,239,238,241,1,0,0,4339,2,53946,10,6,15000,4,1,100,100
04:34:14,264,5,0,0,0,250,238,238,241,1,0,0,4339,2,53946,10,6,15000,4,1,100,100
04:35:14,264,5,0,0,0,250,238,238,241,1,0,0,4339,2,53946,10,6,15000,4,1,100,100
04:36:14,264,5,0,0,0,250,239,238,241,1,0,0,4339,2,53946,10,6,15000,4,1,100,100
04:37:14,264,5,0,0,0,250,239,238,241,1,0,0,4339,2,53946,10,6,15000,4,1,100,100
04:38:14,264,5,0,0,0,250,238,238,241,1,0,0,4339,2,53946,10,6,15000,4,1,100,100
04:39:15,264,5,0,0,0,250,239,238,241,1,0,0,4339,2,53946,10,6,15000,4,1,100,100
04:40:15,264,5,0,0,0,250,239,238,241,1,0,0,4339,2,53946,10,6,15000,4,1,100,100
04:41:15,264,5,0,0,0,250,239,238,241,1,0,0,4339,2,53946,10,6,15000,4,1,100,100
04:42:15,264,5,0,0,0,250,239,238,241,1,0,0,4339,2,53946,10,6,15000,4,1,100,100
04:43:15,264,5,0,0,0,250,239,238,241,1,0,0,4339,2,53946,10,6,15000,4,1,100,100
04:44:15,264,5,0,0,0,250,239,238,242,1,0,0,4339,2,53946,10,6,15000,4,1,100,100
04:45:16,264,5,0,0,0,250,239,238,241,1,0,0,4339,2,53946,10,6,15000,4,1,100,100
04:46:16,264,5,0,0,0,250,239,238,241,1,0,0,4339,2,53946,10,6,15000,4,1,100,100
04:47:16,264,5,0,0,0,250,239,238,241,1,0,0,4339,2,53946,10,6,15000,4,1,100,100
04:48:16,264,5,0,0,0,250,239,238,241,1,0,0,4339,2,53946,10,6,15000,4,1,100,100
04:49:16,264,5,0,0,0,250,239,238,241,1,0,0,4339,2,53946,10,6,15000,4,1,100,100
04:50:16,264,5,0,0,0,250,239,237,241,1,0,0,4339,2,53946,10,6,15000,4,1,100,100
04:51:17,264,5,0,0,0,250,239,238,241,1,0,0,4339,2,53946,10,6,15000,4,1,100,100
04:52:17,264,5,0,0,0,250,239,238,241,1,0,0,4339,2,53946,10,6,15000,4,1,100,100
04:53:17,264,5,0,0,0,250,239,238,241,1,0,0,4339,2,53946,10,6,15000,4,1,100,100
04:54:17,264,5,0,0,0,250,239,238,241,1,0,0,4339,2,53946,10,6,15000,4,1,100,100
04:55:17,264,5,0,0,0,250,239,238,241,1,0,0,4339,2,53946,10,6,15000,4,1,100,100
04:56:17,264,5,0,0,0,250,239,237,241,1,0,0,4339,2,53946,10,6,15000,4,1,100,100
04:57:18,264,5,0,0,0,250,239,237,241,1,0,0,4339,2,53946,10,6,15000,4,1,100,100
04:58:18,264,5,0,0,0,250,238,237,241,1,0,0,4339,2,53946,10,6,15000,4,1,100,100
04:59:18,264,5,0,0,0,250,239,238,241,1,0,0,4339,2,53946,10,6,15000,4,1,100,100
05:00:18,264,5,0,0,0,250,239,238,241,1,0,0,4339,2,53946,10,6,15000,4,1,100,100
05:01:18,264,5,0,0,0,250,239,238,242,1,0,0,4339,2,53946,10,6,15000,4,1,100,100
05:02:18,264,5,0,0,0,250,239,238,241,1,0,0,4339,2,53946,10,6,15000,4,1,100,100
05:03:18,264,5,0,0,0,250,239,238,241,1,0,0,4339,2,53946,10,6,15000,4,1,100,100
05:04:19,264,5,0,0,0,250,239,238,241,1,0,0,4339,2,53946,10,6,15000,4,1,100,100
05:05:19,264,5,0,0,0,250,239,238,241,1,0,0,4339,2,53946,10,6,15000,4,1,100,100
05:06:19,264,5,0,0,0,250,239,238,241,1,0,0,4339,2,53946,10,6,15000,4,1,100,100
05:07:19,264,5,0,0,0,250,238,238,241,1,0,0,4339,2,53946,10,6,15000,4,1,100,100
05:08:19,264,5,0,0,0,248,238,237,240,1,0,0,4339,2,53946,10,6,15000,4,1,100,100
05:09:19,264,5,0,0,0,250,239,238,241,1,0,0,4339,2,53946,10,6,15000,4,1,100,100
05:10:20,264,5,0,0,0,250,238,238,241,1,0,0,4339,2,53946,10,6,15000,4,1,100,100
05:11:20,264,5,0,0,0,250,239,238,241,1,0,0,4339,2,53946,10,6,15000,4,1,100,100
05:12:20,264,5,0,0,0,250,238,238,241,1,0,0,4339,2,53946,10,6,15000,4,1,100,100
05:13:20,264,5,0,0,0,250,238,238,241,1,0,0,4339,2,53946,10,6,15000,4,1,100,100
05:14:20,264,5,0,0,0,248,239,238,241,1,0,0,4339,2,53946,10,6,15000,4,1,100,100
05:15:20,264,5,0,0,0,248,238,238,241,1,0,0,4339,2,53946,10,6,15000,4,1,100,100
05:16:21,264,5,0,0,0,248,238,238,241,1,0,0,4339,2,53946,10,6,15000,4,1,100,100
05:17:21,264,5,0,0,0,248,238,238,241,1,0,0,4339,2,53946,10,6,15000,4,1,100,100
05:18:21,264,5,0,0,0,250,238,238,241,1,0,0,4339,2,53946,10,6,15000,4,1,100,100
05:19:21,264,5,0,0,0,248,238,238,241,1,0,0,4339,2,53946,10,6,15000,4,1,100,100
05:20:21,264,5,0,0,0,248,238,237,240,1,0,0,4339,2,53946,10,6,15000,4,1,100,100
05:21:21,264,5,0,0,0,248,238,238,241,1,0,0,4339,2,53946,10,6,15000,4,1,100,100
05:22:22,264,5,0,0,0,248,238,238,241,1,0,0,4339,2,53946,10,6,15000,4,1,100,100
05:23:22,264,5,0,0,0,248,238,238,241,1,0,0,4339,2,53946,10,6,15000,4,1,100,100
05:24:22,264,5,0,0,0,248,238,238,241,1,0,0,4339,2,53946,10,6,15000,4,1,100,100
05:25:22,264,5,0,0,0,248,238,238,241,1,0,0,4339,2,53946,10,6,15000,4,1,100,100
05:26:22,264,5,0,0,0,248,239,238,241,1,0,0,4339,2,53946,10,6,15000,4,1,100,100
05:27:22,264,5,0,0,0,248,238,238,241,1,0,0,4339,2,53946,10,6,15000,4,1,100,100
05:28:22,264,5,0,0,0,248,238,237,240,1,0,0,4339,2,53946,10,6,15000,4,1,100,100
05:29:23,264,5,0,0,0,248,238,238,241,1,0,0,4339,2,53946,10,6,15000,4,1,100,100
05:30:23,264,5,0,0,0,248,238,237,240,1,0,0,4339,2,53946,10,6,15000,4,1,100,100
05:31:23,264,5,0,0,0,248,238,238,241,1,0,0,4339,2,53946,10,6,15000,4,1,100,100
05:32:23,264,5,0,0,0,248,238,237,240,1,0,0,4339,2,53946,10,6,15000,4,1,100,100
05:33:23,264,5,0,0,0,248,238,237,240,1,0,0,4339,2,53946,10,6,15000,4,1,100,100
05:34:23,264,5,0,0,0,248,238,238,241,1,0,0,4339,2,53946,10,6,15000,4,1,100,100
05:35:24,264,5,0,0,0,248,238,237,240,1,0,0,4339,2,53946,10,6,15000,4,1,100,100
05:36:24,264,5,0,0,0,248,238,237,240,1,0,0,4339,2,53946,10,6,15000,4,1,100,100
05:37:24,264,5,0,0,0,248,238,238,241,1,0,0,4339,2,53946,10,6,15000,4,1,100,100
05:38:24,264,5,0,0,0,248,238,237,240,1,0,0,4339,2,53946,10,6,15000,4,1,100,100
05:39:24,264,5,0,0,0,248,238,237,240,1,0,0,4339,2,53946,10,6,15000,4,1,100,100
05:40:24,264,5,0,0,0,248,238,237,240,1,0,0,4339,2,53946,10,6,15000,4,1,100,100
05:41:25,264,5,0,0,0,248,238,237,241,1,0,0,4339,2,53946,10,6,15000,4,1,100,100
05:42:25,264,5,0,0,0,248,238,238,241,1,0,0,4339,2,53946,10,6,15000,4,1,100,100
05:43:25,264,5,0,0,0,248,238,238,241,1,0,0,4339,2,53946,10,6,15000,4,1,100,100
05:44:25,264,5,0,0,0,248,238,237,241,1,0,0,4339,2,53946,10,6,15000,4,1,100,100
05:45:25,264,5,0,0,0,248,238,237,241,1,0,0,4339,2,53946,10,6,15000,4,1,100,100
05:46:25,264,5,0,0,0,248,238,237,241,1,0,0,4339,2,53946,10,6,15000,4,1,100,100
05:47:26,264,5,0,0,0,248,238,237,241,1,0,0,4339,2,53946,10,6,15000,4,1,100,100
05:48:26,264,5,0,0,0,248,237,237,240,1,0,0,4339,2,53946,10,6,15000,4,1,100,100
05:49:26,264,5,0,0,0,248,238,238,241,1,0,0,4339,2,53946,10,6,15000,4,1,100,100
05:50:26,264,5,0,0,0,248,238,237,240,1,0,0,4339,2,53946,10,6,15000,4,1,100,100
05:51:26,264,5,0,0,0,248,238,237,240,1,0,0,4339,2,53946,10,6,15000,4,1,100,100
05:52:26,264,5,0,0,0,248,238,238,240,1,0,0,4339,2,53946,10,6,15000,4,1,100,100
05:53:26,264,5,0,0,0,248,238,237,240,1,0,0,4339,2,53946,10,6,15000,4,1,100,100
05:54:27,264,5,0,0,0,248,237,237,240,1,0,0,4339,2,53946,10,6,15000,4,1,100,100
05:55:27,264,5,0,0,0,248,238,237,240,1,0,0,4339,2,53946,10,6,15000,4,1,100,100
05:56:27,264,5,0,0,0,248,238,237,240,1,0,0,4339,2,53946,10,6,15000,4,1,100,100
05:57:27,264,5,0,0,0,248,238,237,240,1,0,0,4339,2,53946,10,6,15000,4,1,100,100
05:58:27,264,5,0,0,0,248,238,237,240,1,0,0,4339,2,53946,10,6,15000,4,1,100,100
05:59:27,264,5,0,0,0,248,237,236,240,1,0,0,4339,2,53946,10,6,15000,4,1,100,100
06:00:28,264,5,0,0,0,248,237,236,239,1,0,0,4339,2,53946,10,6,15000,4,1,100,100
06:01:28,264,5,0,0,0,248,236,235,239,1,0,0,4339,2,53946,10,6,15000,4,1,100,100
06:02:28,264,5,0,0,0,248,236,236,239,1,0,0,4339,2,53946,10,6,15000,4,1,100,100
06:03:28,264,5,0,0,0,248,236,236,239,1,0,0,4339,2,53946,10,6,15000,4,1,100,100
06:04:28,264,5,0,0,0,248,236,236,239,1,0,0,4339,2,53946,10,6,15000,4,1,100,100
06:05:28,264,5,0,0,0,248,236,235,238,1,0,0,4339,2,53946,10,6,15000,4,1,100,100
06:06:29,264,5,0,0,0,248,237,237,240,1,0,0,4339,2,53946,10,6,15000,4,1,100,100
06:07:29,264,5,0,0,0,248,237,236,239,1,0,0,4339,2,53946,10,6,15000,4,1,100,100
06:08:29,264,5,0,0,0,248,237,237,240,1,0,0,4339,2,53946,10,6,15000,4,1,100,100
06:09:29,264,5,0,0,0,248,238,237,240,1,0,0,4339,2,53946,10,6,15000,4,1,100,100
06:10:29,264,5,0,0,0,248,237,236,239,1,0,0,4339,2,53946,10,6,15000,4,1,100,100
06:11:29,264,5,0,0,0,248,238,237,240,1,0,0,4339,2,53946,10,6,15000,4,1,100,100
06:12:29,264,5,0,0,0,248,237,236,239,1,0,0,4339,2,53946,10,6,15000,4,1,100,100
06:13:30,264,5,0,0,0,248,236,236,239,1,0,0,4339,2,53946,10,6,15000,4,1,100,100
06:14:30,264,5,0,0,0,248,238,237,240,1,0,0,4339,2,53946,10,6,15000,4,1,100,100
06:15:30,264,5,0,0,0,248,238,237,240,1,0,0,4339,2,53946,10,6,15000,4,1,100,100
06:16:30,264,5,0,0,0,248,237,237,240,1,0,0,4339,2,53946,10,6,15000,4,1,100,100
06:17:30,264,5,0,0,0,248,238,237,240,1,0,0,4339,2,53946,10,6,15000,4,1,100,100
06:18:30,264,5,0,0,0,248,237,237,240,1,0,0,4339,2,53946,10,6,15000,4,1,100,100
06:19:31,264,5,0,0,0,248,237,237,240,1,0,0,4339,2,53946,10,6,15000,4,1,100,100
06:20:31,264,5,0,0,0,248,237,237,240,1,0,0,4339,2,53946,10,6,15000,4,1,100,100
06:21:31,264,5,0,0,0,248,237,237,240,1,0,0,4339,2,53946,10,6,15000,4,1,100,100
06:22:31,264,5,0,0,0,248,238,237,240,1,0,0,4339,2,53946,10,6,15000,4,1,100,100
06:23:31,264,5,0,0,0,248,237,237,240,1,0,0,4339,2,53946,10,6,15000,4,1,100,100
06:24:31,264,5,0,0,0,248,237,237,239,1,0,0,4339,2,53946,10,6,15000,4,1,100,100
06:25:32,264,5,0,0,0,248,236,236,238,1,0,0,4339,2,53946,10,6,15000,4,1,100,100
06:26:32,264,5,0,0,0,248,237,237,240,1,0,0,4339,2,53946,10,6,15000,4,1,100,100
06:27:32,264,5,0,0,0,248,237,237,240,1,0,0,4339,2,53946,10,6,15000,4,1,100,100
06:28:32,264,5,0,0,0,248,237,237,239,1,0,0,4339,2,53946,10,6,15000,4,1,100,100
06:29:32,264,5,0,0,0,248,238,237,240,1,0,0,4339,2,53946,10,6,15000,4,1,100,100
06:30:32,264,5,0,0,0,248,237,237,239,1,0,0,4339,2,53946,10,6,15000,4,1,100,100
06:31:33,264,5,0,0,0,248,237,237,239,1,0,0,4339,2,53946,10,6,15000,4,1,100,100
06:32:33,264,5,0,0,0,248,237,236,239,1,0,0,4339,2,53946,10,6,15000,4,1,100,100
06:33:33,264,5,0,0,0,248,237,236,239,1,0,0,4339,2,53946,10,6,15000,4,1,100,100
06:34:33,264,5,0,0,0,248,237,237,239,1,0,0,4339,2,53946,10,6,15000,4,1,100,100
06:35:33,264,5,0,0,0,248,237,236,239,1,0,0,4339,2,53946,10,6,15000,4,1,100,100
06:36:33,264,5,0,0,0,248,238,237,240,1,0,0,4339,2,53946,10,6,15000,4,1,100,100
06:37:34,264,5,0,0,0,248,237,236,239,1,0,0,4339,2,53946,10,6,15000,4,1,100,100
06:38:34,264,5,0,0,0,248,237,236,239,1,0,0,4339,2,53946,10,6,15000,4,1,100,100
06:39:34,264,5,0,0,0,248,237,236,240,1,0,0,4339,2,53946,10,6,15000,4,1,100,100
06:40:34,264,5,0,0,0,248,237,236,239,1,0,0,4339,2,53946,10,6,15000,4,1,100,100
06:41:34,264,5,0,0,0,248,238,237,240,1,0,0,4339,2,53946,10,6,15000,4,1,100,100
06:42:34,264,5,0,0,0,248,237,236,240,1,0,0,4339,2,53946,10,6,15000,4,1,100,100
06:43:34,264,5,0,0,0,248,237,237,240,1,0,0,4339,2,53946,10,6,15000,4,1,100,100
06:44:35,264,5,0,0,0,248,237,236,239,1,0,0,4339,2,53946,10,6,15000,4,1,100,100
06:45:35,264,5,0,0,0,248,236,235,239,1,0,0,4339,2,53946,10,6,15000,4,1,100,100
06:46:35,264,5,0,0,0,248,237,236,240,1,0,0,4339,2,53946,10,6,15000,4,1,100,100
06:47:35,264,5,0,0,0,248,237,236,239,1,0,0,4339,2,53946,10,6,15000,4,1,100,100
06:48:35,264,5,0,0,0,248,237,236,239,1,0,0,4339,2,53946,10,6,15000,4,1,100,100
06:49:35,264,5,0,0,0,248,237,236,240,1,0,0,4339,2,53946,10,6,15000,4,1,100,100
06:50:36,264,5,0,0,0,248,237,236,239,1,0,0,4339,2,53946,10,6,15000,4,1,100,100
06:51:36,264,5,0,0,0,248,237,237,240,1,0,0,4339,2,53946,10,6,15000,4,1,100,100
06:52:36,264,5,0,0,0,248,237,237,240,1,0,0,4339,2,53946,10,6,15000,4,1,100,100
06:53:36,264,5,0,0,0,248,236,236,239,1,0,0,4339,2,53946,10,6,15000,4,1,100,100
06:54:36,264,5,0,0,0,248,237,237,239,1,0,0,4339,2,53946,10,6,15000,4,1,100,100
06:55:36,264,5,0,0,0,248,237,237,239,1,0,0,4339,2,53946,10,6,15000,4,1,100,100
06:56:37,264,5,0,0,0,248,237,237,240,1,0,0,4339,2,53946,10,6,15000,4,1,100,100
06:57:37,264,5,0,0,0,248,237,237,240,1,0,0,4339,2,53946,10,6,15000,4,1,100,100
06:58:37,264,5,0,0,0,248,236,237,239,1,0,0,4339,2,53946,10,6,15000,4,1,100,100
06:59:37,264,5,0,0,0,248,236,237,239,1,0,0,4339,2,53946,10,6,15000,4,1,100,100
07:00:37,264,5,0,0,0,248,237,237,239,1,0,0,4339,2,53946,10,6,15000,4,1,100,100
07:01:37,264,5,0,0,0,248,237,236,239,1,0,0,4339,2,53946,10,6,15000,4,1,100,100
07:02:38,264,5,0,0,0,248,237,237,239,1,0,0,4339,2,53946,10,6,15000,4,1,100,100
07:03:38,264,5,0,0,0,248,237,237,239,1,0,0,4339,2,53946,10,6,15000,4,1,100,100
07:04:38,264,5,0,0,0,248,237,237,239,1,0,0,4339,2,53946,10,6,15000,4,1,100,100
07:05:38,264,5,0,0,0,248,236,236,238,1,0,0,4339,2,53946,10,6,15000,4,1,100,100
07:06:38,264,5,0,0,0,248,237,237,239,1,0,0,4339,2,53946,10,6,15000,4,1,100,100
07:07:38,264,5,0,0,0,248,237,236,239,1,0,0,4339,2,53946,10,6,15000,4,1,100,100
07:08:39,264,5,0,0,0,248,236,236,239,1,0,0,4339,2,53946,10,6,15000,4,1,100,100
07:09:39,264,5,0,0,0,248,237,236,239,1,0,0,4339,2,53946,10,6,15000,4,1,100,100
07:10:39,264,5,0,0,0,248,236,236,239,1,0,0,4339,2,53946,10,6,15000,4,1,100,100
07:11:39,264,5,0,0,0,248,237,237,240,1,0,0,4339,2,53946,10,6,15000,4,1,100,100
07:12:39,264,5,0,0,0,248,236,237,239,1,0,0,4339,2,53946,10,6,15000,4,1,100,100
07:13:39,264,5,0,0,0,248,235,235,238,1,0,0,4339,2,53946,10,6,15000,4,1,100,100
07:14:40,264,5,0,0,0,248,237,236,239,1,0,0,4339,2,53946,10,6,15000,4,1,100,100
07:15:40,264,5,0,0,0,248,237,236,239,1,0,0,4339,2,53946,10,6,15000,4,1,100,100
07:16:40,264,5,0,0,0,248,237,236,239,1,0,0,4339,2,53946,10,6,15000,4,1,100,100
07:17:40,264,5,0,0,0,248,237,236,239,1,0,0,4339,2,53946,10,6,15000,4,1,100,100
07:18:40,264,5,0,0,0,248,237,236,239,1,0,0,4339,2,53946,10,6,15000,4,1,100,100
07:19:40,264,5,0,0,0,248,237,237,239,1,0,0,4339,2,53946,10,6,15000,4,1,100,100
07:20:41,264,5,0,0,0,248,236,236,238,1,0,0,4339,2,53946,10,6,15000,4,1,100,100
07:21:41,264,5,0,0,0,248,236,237,238,1,0,0,4339,2,53946,10,6,15000,4,1,100,100
07:22:41,264,5,0,0,0,248,236,237,239,1,0,0,4339,2,53946,10,6,15000,4,1,100,100
07:23:41,264,5,0,0,0,248,236,236,239,1,0,0,4339,2,53946,10,6,15000,4,1,100,100
07:24:41,264,5,0,0,0,248,236,236,239,1,0,0,4339,2,53946,10,6,15000,4,1,100,100
07:25:41,264,5,0,0,0,248,237,237,239,1,0,0,4339,2,53946,10,6,15000,4,1,100,100
07:26:41,264,5,0,0,0,248,237,237,239,1,0,0,4339,2,53946,10,6,15000,4,1,100,100
07:27:42,264,5,0,0,0,248,237,237,239,1,0,0,4339,2,53946,10,6,15000,4,1,100,100
07:28:42,264,5,0,0,0,248,237,237,239,1,0,0,4339,2,53946,10,6,15000,4,1,100,100
07:29:42,264,5,0,0,0,248,237,236,239,1,0,0,4339,2,53946,10,6,15000,4,1,100,100
07:30:42,264,5,0,0,0,248,237,236,239,1,0,0,4339,2,53946,10,6,15000,4,1,100,100
07:31:42,264,5,0,0,0,248,237,236,239,1,0,0,4339,2,53946,10,6,15000,4,1,100,100
07:32:42,264,5,0,0,0,248,237,237,240,1,0,0,4339,2,53946,10,6,15000,4,1,100,100
07:33:43,264,5,0,0,0,248,236,235,238,1,0,0,4339,2,53946,10,6,15000,4,1,100,100
07:34:43,264,5,0,0,0,248,237,236,239,1,0,0,4339,2,53946,10,6,15000,4,1,100,100
07:35:43,264,5,0,0,0,248,237,236,239,1,0,0,4339,2,53946,10,6,15000,4,1,100,100
07:36:43,264,5,0,0,0,248,237,236,239,1,0,0,4339,2,53946,10,6,15000,4,1,100,100
07:37:43,264,5,0,0,0,250,237,236,239,1,0,0,4339,2,53946,10,6,15000,4,1,100,100
07:38:43,264,5,0,0,0,248,237,236,239,1,0,0,4339,2,53946,10,6,15000,4,1,100,100
07:39:44,264,5,0,0,0,248,237,236,239,1,0,0,4339,2,53946,10,6,15000,4,1,100,100
07:40:44,264,5,0,0,0,248,236,234,239,1,0,0,4339,2,53946,10,6,15000,4,1,100,100
07:41:44,264,5,0,0,0,248,236,235,239,1,0,0,4339,2,53946,10,6,15000,4,1,100,100
07:42:44,264,5,0,0,0,248,236,236,239,1,0,0,4339,2,53946,10,6,15000,4,1,100,100
07:43:44,264,5,0,0,0,248,236,236,239,1,0,0,4339,2,53946,10,6,15000,4,1,100,100
07:44:44,264,5,0,0,0,248,236,236,239,1,0,0,4339,2,53946,10,6,15000,4,1,100,100
07:45:45,264,5,0,0,0,250,236,236,238,1,0,0,4339,2,53946,10,6,15000,4,1,100,100
07:46:45,264,5,0,0,0,250,235,235,238,1,0,0,4339,2,53946,10,6,15000,4,1,100,100
07:47:45,264,5,0,0,0,250,235,235,238,1,0,0,4339,2,53946,10,6,15000,4,1,100,100
07:48:45,264,5,0,0,0,250,236,235,239,1,0,0,4339,2,53946,10,6,15000,4,1,100,100
07:49:45,264,5,0,0,0,250,236,236,239,1,0,0,4339,2,53946,10,6,15000,4,1,100,100
07:50:45,264,5,0,0,0,250,236,236,239,1,0,0,4339,2,53946,10,6,15000,4,1,100,100
07:51:46,264,5,0,0,0,250,234,235,237,1,0,0,4339,2,53946,10,6,15000,4,1,100,100
07:52:46,264,5,0,0,0,250,235,236,238,1,0,0,4339,2,53946,10,6,15000,4,1,100,100
07:53:46,264,5,0,0,0,250,236,236,239,1,0,0,4339,2,53946,10,6,15000,4,1,100,100
07:54:46,264,5,0,0,0,250,235,236,239,1,0,0,4339,2,53946,10,6,15000,4,1,100,100
07:55:46,264,5,0,0,0,250,235,236,239,1,0,0,4339,2,53946,10,6,15000,4,1,100,100
07:56:46,264,5,0,0,0,250,236,236,239,1,0,0,4339,2,53946,10,6,15000,4,1,100,100
07:57:47,264,5,0,0,0,250,236,236,239,1,0,0,4339,2,53946,10,6,15000,4,1,100,100
07:58:47,264,5,0,0,0,250,236,236,238,1,0,0,4339,2,53946,10,6,15000,4,1,100,100
07:59:47,264,5,0,0,0,250,236,237,239,1,0,0,4339,2,53946,10,6,15000,4,1,100,100
08:00:47,264,5,0,0,0,250,236,236,239,1,0,0,4339,2,53946,10,6,15000,4,1,100,100
08:01:47,264,5,0,0,0,250,236,236,239,1,0,0,4339,2,53946,10,6,15000,4,1,100,100
08:02:47,264,5,0,0,0,250,237,236,239,1,0,0,4339,2,53946,10,6,15000,4,1,100,100
08:03:47,264,5,0,0,0,250,236,236,239,1,0,0,4339,2,53946,10,6,15000,4,1,100,100
08:04:48,264,5,0,0,0,250,237,236,239,1,0,0,4339,2,53946,10,6,15000,4,1,100,100
08:05:48,264,5,0,0,0,250,235,235,237,1,0,0,4339,2,53946,10,6,15000,4,1,100,100
08:06:48,264,5,0,0,0,250,237,236,239,1,0,0,4339,2,53946,10,6,15000,4,1,100,100
08:07:48,264,5,0,0,0,250,237,236,239,1,0,0,4339,2,53946,10,6,15000,4,1,100,100
08:08:48,264,5,0,0,0,250,237,235,239,1,0,0,4339,2,53946,10,6,15000,4,1,100,100
08:09:48,264,5,0,0,0,253,236,236,238,1,0,0,4339,2,53946,10,6,15000,4,1,100,100
08:10:49,264,5,0,0,0,253,237,236,238,1,0,0,4339,2,53946,10,6,15000,4,1,100,100
08:11:49,264,5,0,0,0,253,236,235,238,1,0,0,4339,2,53946,10,6,15000,4,1,100,100
08:12:49,264,5,0,0,0,253,237,236,238,1,0,0,4339,2,53946,10,6,15000,4,1,100,100
08:13:49,264,5,0,0,0,253,236,235,238,1,0,0,4339,2,53946,10,6,15000,4,1,100,100
08:14:49,264,5,0,0,0,253,236,235,239,1,0,0,4339,2,53946,10,6,15000,4,1,100,100
08:15:49,264,5,0,0,0,253,236,235,239,1,0,0,4339,2,53946,10,6,15000,4,1,100,100
08:16:50,264,5,0,0,0,253,236,235,239,1,0,0,4339,2,53946,10,6,15000,4,1,100,100
08:17:50,264,5,0,0,0,253,236,236,238,1,0,0,4339,2,53946,10,6,15000,4,1,100,100
08:18:50,264,5,0,0,0,253,236,235,239,1,0,0,4339,2,53946,10,6,15000,4,1,100,100
08:19:50,264,5,0,0,0,253,236,235,239,1,0,0,4339,2,53946,10,6,15000,4,1,100,100
08:20:50,264,5,0,0,0,253,237,235,239,1,0,0,4339,2,53946,10,6,15000,4,1,100,100
08:21:50,264,5,0,0,0,253,236,235,239,1,0,0,4339,2,53946,10,6,15000,4,1,100,100
08:22:51,264,5,0,0,0,253,236,235,239,1,0,0,4339,2,53946,10,6,15000,4,1,100,100
08:23:51,264,5,0,0,0,253,236,235,239,1,0,0,4339,2,53946,10,6,15000,4,1,100,100
08:24:51,264,5,0,0,0,256,236,235,239,1,0,0,4339,2,53946,10,6,15000,4,1,100,100
08:25:51,264,5,0,0,0,256,237,235,239,1,0,0,4339,2,53946,10,6,15000,4,1,100,100
08:26:51,264,5,0,0,0,256,236,234,237,1,0,0,4339,2,53946,10,6,15000,4,1,100,100
08:27:51,264,5,0,0,0,256,236,235,238,1,0,0,4339,2,53946,10,6,15000,4,1,100,100
08:28:52,264,5,0,0,0,256,236,235,238,1,0,0,4339,2,53946,10,6,15000,4,1,100,100
08:29:52,264,5,0,0,0,256,236,235,238,1,0,0,4339,2,53946,10,6,15000,4,1,100,100
08:30:52,264,5,0,0,0,256,236,235,238,1,0,0,4339,2,53946,10,6,15000,4,1,100,100
08:31:52,264,5,0,0,0,256,236,235,239,1,0,0,4339,2,53946,10,6,15000,4,1,100,100
08:32:52,264,5,0,0,0,256,236,235,238,1,0,0,4339,2,53946,10,6,15000,4,1,100,100
08:33:52,264,5,0,0,0,256,236,234,237,1,0,0,4339,2,53946,10,6,15000,4,1,100,100
08:34:52,264,5,0,0,0,256,236,235,238,1,0,0,4339,2,53946,10,6,15000,4,1,100,100
08:35:53,264,5,0,0,0,256,236,235,238,1,0,0,4339,2,53946,10,6,15000,4,1,100,100
08:36:53,264,5,0,0,0,260,236,234,238,1,0,0,4339,2,53946,10,6,15000,4,1,100,100
08:37:53,264,5,0,0,0,260,237,233,238,1,0,0,4339,2,53946,10,6,15000,4,1,100,100
08:38:53,264,5,0,0,0,260,237,234,238,1,0,0,4339,2,53946,10,6,15000,4,1,100,100
08:39:53,264,5,0,0,0,260,236,234,238,1,0,0,4339,2,53946,10,6,15000,4,1,100,100
08:40:53,264,5,0,0,0,260,236,235,238,1,0,0,4339,2,53946,10,6,15000,4,1,100,100
08:41:54,264,5,0,0,0,260,236,235,238,1,0,0,4339,2,53946,10,6,15000,4,1,100,100
08:42:54,264,5,0,0,0,260,236,234,238,1,0,0,4339,2,53946,10,6,15000,4,1,100,100
08:43:54,264,5,0,0,0,260,235,234,238,1,0,0,4339,2,53946,10,6,15000,4,1,100,100
08:44:54,264,5,0,0,0,260,236,235,238,1,0,0,4339,2,53946,10,6,15000,4,1,100,100
08:45:54,264,5,0,0,0,262,235,234,238,1,0,0,4339,2,53946,10,6,15000,4,1,100,100
08:46:54,264,5,0,0,0,262,235,235,239,1,0,0,4339,2,53946,10,6,15000,4,1,100,100
08:47:55,264,5,0,0,0,262,235,235,238,1,0,0,4339,2,53946,10,6,15000,4,1,100,100
08:48:55,264,5,0,0,0,262,235,235,238,1,0,0,4339,2,53946,10,6,15000,4,1,100,100
08:49:55,264,5,0,0,0,262,235,235,238,1,0,0,4339,2,53946,10,6,15000,4,1,100,100
08:50:55,264,5,0,0,0,262,236,235,238,1,0,0,4339,2,53946,10,6,15000,4,1,100,100
08:51:55,264,5,0,0,0,262,236,234,238,1,0,0,4339,2,53946,10,6,15000,4,1,100,100
08:52:55,264,5,0,0,0,265,235,234,237,1,0,0,4339,2,53946,10,6,15000,4,1,100,100
08:53:55,264,5,0,0,0,265,236,235,237,1,0,0,4339,2,53946,10,6,15000,4,1,100,100
08:54:56,264,5,0,0,0,265,236,234,238,1,0,0,4339,2,53946,10,6,15000,4,1,100,100
08:55:56,264,5,0,0,0,268,236,234,238,1,0,0,4339,2,53946,10,6,15000,4,1,100,100
08:56:56,264,5,0,0,0,268,236,235,238,1,0,0,4339,2,53946,10,6,15000,4,1,100,100
08:57:56,264,5,0,0,0,268,236,235,238,1,0,0,4339,2,53946,10,6,15000,4,1,100,100
08:58:56,264,5,0,0,0,268,235,234,238,1,0,0,4339,2,53946,10,6,15000,4,1,100,100
08:59:56,264,2,0,0,0,268,236,235,238,1,0,0,4339,2,53946,10,6,15000,4,1,100,100
09:00:57,264,2,0,0,0,268,235,234,238,1,0,0,4339,2,53946,10,6,15000,4,1,100,100
11:12:02,264,2,0,0,0,310,234,233,238,1,0,0,4339,2,53946,10,6,15000,4,1,100,100
11:13:02,264,2,0,0,0,310,236,235,239,1,0,0,4339,2,53946,10,6,15000,4,1,100,100
11:14:02,264,2,0,0,0,310,237,235,239,1,0,0,4339,2,53946,10,6,15000,4,1,100,100
11:15:02,264,2,0,0,0,313,236,234,239,1,0,0,4339,2,53946,10,6,15000,4,1,100,100
11:16:02,264,2,0,0,0,313,236,234,239,1,0,0,4339,2,53946,10,6,15000,4,1,100,100
11:17:03,264,2,0,0,0,313,235,232,238,1,0,0,4339,2,53946,10,6,15000,4,1,100,100
11:18:03,264,2,0,0,0,313,236,233,239,1,0,0,4339,2,53946,10,6,15000,4,1,100,100
11:19:03,264,2,0,0,0,313,235,233,238,1,0,0,4339,2,53946,10,6,15000,4,1,100,100
11:20:03,264,2,0,0,0,313,235,234,239,1,0,0,4339,2,53946,10,6,15000,4,1,100,100
11:21:03,264,2,0,0,0,313,236,233,239,1,0,0,4339,2,53946,10,6,15000,4,1,100,100
11:22:03,264,2,0,0,0,313,234,232,237,1,0,0,4339,2,53946,10,6,15000,4,1,100,100
11:23:03,264,2,0,0,0,313,235,233,238,1,0,0,4339,2,53946,10,6,15000,4,1,100,100
11:24:04,264,2,0,0,0,313,234,233,237,1,0,0,4339,2,53946,10,6,15000,4,1,100,100
11:25:04,264,2,0,0,0,313,235,234,237,1,0,0,4339,2,53946,10,6,15000,4,1,100,100
11:26:04,264,2,0,0,0,313,235,233,238,1,0,0,4339,2,53946,10,6,15000,4,1,100,100
11:27:04,264,2,0,0,0,313,234,232,237,1,0,0,4339,2,53946,10,6,15000,4,1,100,100
11:28:04,264,2,0,0,0,313,234,234,238,1,0,0,4339,2,53946,10,6,15000,4,1,100,100
11:29:04,264,2,0,0,0,313,234,232,238,1,0,0,4339,2,53946,10,6,15000,4,1,100,100
11:32:25,264,2,0,0,0,316,235,234,238,1,0,0,4339,2,53946,10,6,15000,4,1,100,100
